{
  "project_info": {
    "project_number": "808222916780",
    "project_id": "mkulima-plus",
    "storage_bucket": "mkulima-plus.appspot.com"
  },
  "client": [
    {
      "client_info": {
        "mobilesdk_app_id": "1:808222916780:android:02c847d59861318a109f09",
        "android_client_info": {
          "package_name": "com.example.mkulima_plus"
        }
      },
      "oauth_client": [
        {
          "client_id": "808222916780-q94l1c27jdd2523dlpec987ojtdt21kl.apps.googleusercontent.com",
          "client_type": 3
        }
      ],
      "api_key": [
        {
          "current_key": "AIzaSyDyOcAB2Sf1FnpLohmLxnsdof5qbERThSI"
        }
      ],
      "services": {
        "appinvite_service": {
          "other_platform_oauth_client": [
            {
              "client_id": "808222916780-q94l1c27jdd2523dlpec987ojtdt21kl.apps.googleusercontent.com",
              "client_type": 3
            }
          ]
        }
      }
    }
  ],
  "configuration_version": "1"
}